<?xml version="1.0" encoding="UTF-8" standalone="yes"?>
<addon id="plugin.video.crunchyroll" name="Crunchyroll" version="3.3.0.14" provider-name="MrKrabat">
    <requires>
        <import addon="xbmc.python" version="3.0.1"/>
        <import addon="script.module.inputstreamhelper" version="0.3.3"/>
        <import addon="script.module.requests" version="2.31.0"/>
    </requires>
    <extension point="xbmc.python.pluginsource" library="default.py">
        <provides>video</provides>
    </extension>
    <extension point="xbmc.addon.metadata">
        <platform>all</platform>
        <language>en es pt fr de ar it ru</language>
        <summary lang="en_GB">Watch videos from Crunchyroll.com!</summary>
        <summary lang="de_DE">Schaue Videos von Crunchyroll.com!</summary>
        <summary lang="es_ES">¡Visualiza vídeos a través de Crunchyroll.com!</summary>
        <description lang="en_GB">Crunchyroll is an online video service and community that offers full-length episodes and movies of the very best in Japanese anime and Asian entertainment.</description>
        <description lang="de_DE">Crunchyroll ist ein online Video-Streaming-Dienst und bietet Zugang zu vollen Episoden und Filmen der besten japanischen Anime und asiatischer Unterhaltung.</description>
        <description lang="es_ES">Crunchyroll es un servicio de streaming online y una comunidad que ofrece episodios completos y películas del mejor anime japonés y entretenimiento asiático.</description>
        <disclaimer lang="en_GB">WARNING: You MUST be a PREMIUM member to use this Plugin</disclaimer>
        <disclaimer lang="de_DE">HINWEIS: Du MUSST PREMIUM Mitglied sein um dieses Plugin zu benutzen</disclaimer>
        <disclaimer lang="es_ES">Atención: Necesitas ser miembro PREMIUM para utilizar este Plugin</disclaimer>
        <news>
            v3.3.0.14 (2023.01.16)[CR]- update auth, add new routing, async data fetching, updated language settings, improved bookmarking/favourite support
            v3.3.0.13 (2023.01.05)[CR]- improve listing, add crunchylists
            v3.3.0.12 (2023.12.30)[CR]- add resume watching, update settings, add skip intro
            v3.3.0.11 (2023.12.28)[CR]- improve series filtering, proper labels for soft subtitles
            v3.3.0.10 (2023.12.24)[CR]- add setting for soft subtitles
            v3.3.0.9 (2023.12.21)[CR]- re-add a-z view
            v3.3.0.8 (2023.12.20)[CR]- add to watchlist functionality
            v3.3.0.7 (2023.12.20)[CR]- improve session handling, option for alternate subtitle language
            v3.3.0.6 (2023.12.19)[CR]- partially re-implement anime view
            v3.3.0.5 (2023.12.19)[CR]- re-implement history view
            v3.3.0.4 (2023.12.19)[CR]- fix queue view for movie items
            v3.3.0.3 (2023.12.19)[CR]- fix queue view for movie items, cleanup, search re-implemented
            v3.3.0.2 (2023.12.18)[CR]- revert change of package name, sync playtime with crunchyroll
            v3.3.0.1 (2023.12.17)[CR]- Update for new API (alpha)
            v3.3.0 (2023.03.08)[CR]- Update for Kodi 20 Nexus
        </news>
        <license>GNU Affero General Public License, v3</license>
        <forum/>
        <website>https://www.crunchyroll.com/</website>
        <source>https://github.com/MrKrabat/plugin.video.crunchyroll</source>
        <email/>
        <assets>
            <icon>resources/icon.png</icon>
            <fanart>resources/fanart.jpg</fanart>
            <screenshot>resources/media/screenshot-01.jpg</screenshot>
            <screenshot>resources/media/screenshot-02.jpg</screenshot>
            <screenshot>resources/media/screenshot-03.jpg</screenshot>
        </assets>
    </extension>
</addon>