<?xml version="1.0" encoding="UTF-8" standalone="yes"?>
<addon id="crunchy" name="repo" version="1" provider-name="fallixmelb">
    <extension point="xbmc.addon.repository" name="Example Repository">
        <dir minversion="19.0.0">
            <info compressed="false">https://raw.githubusercontent.com/fallixmelb/repo/master/nexus/zips/addons.xml</info>
            <checksum>https://raw.githubusercontent.com/fallixmelb/repo/master/nexus/zips/addons.xml.md5</checksum>
            <datadir zip="true">https://raw.githubusercontent.com/fallixmelb/repo/master/nexus/zips/</datadir>
        </dir>
        <dir>
            <info compressed="false">https://raw.githubusercontent.com/fallixmelb/repo/DEFAULT_master/repo/zips/addons.xml</info>
            <checksum>https://raw.githubusercontent.com/fallixmelb/repo/DEFAULT_master/repo/zips/addons.xml.md5</checksum>
            <datadir zip="true">https://raw.githubusercontent.com/fallixmelb/repo/DEFAULT_master/repo/zips/</datadir>
        </dir>
    </extension>
    <extension point="xbmc.addon.metadata">
        <summary>REPO_NAME_HERE</summary>
        <description>DESCRIPTION OF YOUR REPO HERE</description>
        <disclaimer></disclaimer>
        <platform>all</platform>
        <assets>
            <icon>icon.png</icon>
            <fanart>fanart.jpg</fanart>
        </assets>
    </extension>
</addon>